name;pass;email;user_name
gabriela;gab123;gabriela@gmail.com;gaby123
laura;456laura;laura@gmail.com;lauraaa
yofer;12345;yofer@gmail.com;yofer
valentina;56789;valentina@gmail.com;valentina
mariana;mariihq;mariana@gmail.com;marihq
jose;josee1020;jose@gmail.com;jose_j
sergio;checho;checho@gmail.com;checho23
juan;juan_jo;juan@gmail.com;juann
alejandro;alejandro;alejandro@gmail.com;alejandr0
